1,Aloisia Glason,Computer Science
2,Stephannie Gavey,Computer Science
3,Sharron Leveritt,Computer Science
4,Nixie MacGowan,Computer Science
5,Alon Widdowes,Computer Science
6,Rainer Summerscales,Computer Science
7,Aurora Caird,Computer Science
8,Elle Ranscombe,Computer Science
9,Ruy Dixcee,Computer Science
10,Bernette Verbruggen,Computer Science
11,Valma Wimpeney,Computer Science
12,Gorden Nockolds,Computer Science
13,Thadeus Copozio,Computer Science
14,Camella Gergely,Computer Science
15,Krispin Sandyford,Computer Science
16,Cello Eyles,Computer Science
17,Emmalynne Bergstram,Computer Science
18,Tabbatha De Paepe,Computer Science
19,Isaak L' Estrange,Computer Science
20,Marge Lechmere,Computer Science
21,Darell Sieb,Computer Science
22,Sadye Lockhurst,Computer Science
23,Glenn Waistell,Computer Science
24,Karney Cinderey,Computer Science
25,Lura Janks,Computer Science
26,Ardelis Elsom,Computer Science
27,Herbie Ogilvie,Computer Science
28,Katlin Dreus,Computer Science
29,Astrid Drackford,Computer Science
30,Law Frowing,Computer Science
31,Delano Dwelley,Computer Science
32,Langsdon Ralling,Computer Science
33,Daveta Zorzoni,Computer Science
34,Normand Attock,Computer Science
35,Gayelord Delnevo,Computer Science
36,Edythe Crich,Computer Science
37,Elberta Seadon,Computer Science
38,Nert Ribbens,Computer Science
39,Ann-marie Ivan,Computer Science
40,Ethelind Palomba,Computer Science
41,Bradan Raye,Computer Science
42,Margo Synke,Computer Science
43,Thom Larimer,Computer Science
44,Guillema Domb,Computer Science
45,Alanson Gorioli,Computer Science
46,Zane Vane,Computer Science
47,Tobias McKeefry,Computer Science
48,Jarrid Isaq,Computer Science
49,Jude Fernyhough,Computer Science
50,Theodora Rudeforth,Computer Science
51,Alexandr Baffin,Computer Science
52,Torey Brandoni,Computer Science
53,Egor Crocroft,Computer Science
54,Sapphire O'Glessane,Computer Science
55,Alvan Mintoff,Computer Science
56,Dorolisa Dineges,Computer Science
57,Gibb Dirand,Computer Science
58,Ivette Gorler,Computer Science
59,Donica Morfield,Computer Science
60,Pattin Izat,Computer Science
61,Van Klasing,Computer Science
62,Cristal Davydoch,Computer Science
63,Stacie Tolwood,Computer Science
64,Ruddie Axelbey,Computer Science
65,Cordie McKechnie,Computer Science
66,Cathyleen Newarte,Computer Science
67,Biddy Mundell,Computer Science
68,Rowland Duro,Computer Science
69,Vonny Tows,Computer Science
70,Romonda Marrian,Computer Science
71,Trip Labba,Computer Science
72,Kippie Peplow,Computer Science
73,Wynn Hagart,Computer Science
74,Trix Pfaffe,Computer Science
75,Rossie Van de Vlies,Computer Science
76,Ryun Curgenuer,Computer Science
77,Carolee Skein,Computer Science
78,Adeline Zamora,Computer Science
79,Arabele Gillcrist,Computer Science
80,Dari Bubb,Computer Science
81,Vikki McKeurton,Computer Science
82,Arvy Hitzke,Computer Science
83,Coletta Parr,Computer Science
84,Georgie Philott,Computer Science
85,Boniface Codlin,Computer Science
86,Cherise Swaton,Computer Science
87,Verne Attenburrow,Computer Science
88,Ayn Iacomo,Computer Science
89,Humbert Brackpool,Computer Science
90,Michael Gillions,Computer Science
91,Alric Killelea,Computer Science
92,Adele Chessor,Computer Science
93,Kimbell Haskayne,Computer Science
94,Leslie Kubik,Computer Science
95,Arlena Sinnock,Computer Science
96,Melloney Meysham,Computer Science
97,Diana Guyet,Computer Science
98,Rosabel Savaage,Computer Science
99,Calida Clack,Computer Science
100,Lilah Preator,Computer Science
101,Ches Gosart,Computer Science
102,Adelbert Westby,Computer Science
103,Phillipp Twentyman,Computer Science
104,Odessa Callinan,Computer Science
105,Rosette Durrad,Computer Science
106,Francoise Lundie,Computer Science
107,Wilona Dewett,Computer Science
108,Darryl Gatling,Computer Science
109,Dasi Postles,Computer Science
110,Petr Hawe,Computer Science
111,Mozes McRoberts,Computer Science
112,Malina Bere,Computer Science
113,Helli Barstowk,Computer Science
114,Tobey Lanham,Computer Science
115,Yolanda Vamplew,Computer Science
116,Susannah Grishelyov,Computer Science
117,Wendel Poizer,Computer Science
118,Geordie Hannen,Computer Science
119,Ephrem Kelemen,Computer Science
120,Roxy Rubertis,Computer Science
121,Charity Rusling,Computer Science
122,Lesley Guillou,Computer Science
123,Raven Matyushenko,Computer Science
124,Gracie Cornels,Computer Science
125,Chalmers Caughte,Computer Science
126,Law Wharmby,Computer Science
127,Chrissie Brooks,Computer Science
128,Ursola Kitteridge,Computer Science
129,Glennie Bromont,Computer Science
130,Joly Proske,Computer Science
131,Jamey Banasevich,Computer Science
132,Davis Lehrle,Computer Science
133,Cheslie Driver,Computer Science
134,Seymour Burgyn,Computer Science
135,Agata Bryer,Computer Science
136,Kincaid Ferreras,Computer Science
137,Rubi Tabner,Computer Science
138,Wake Farlamb,Computer Science
139,Curran Spofforth,Computer Science
140,Eirena McAlpine,Computer Science
141,Joellen Bernadzki,Computer Science
142,Benoite Narrie,Computer Science
143,Jasun Kendell,Computer Science
144,Jobi Piletic,Computer Science
145,Rhody Lennarde,Computer Science
146,Marysa Pinnijar,Computer Science
147,Aviva Ingreda,Computer Science
148,Ina Bennoe,Computer Science
149,Verne Allanby,Computer Science
150,Sergeant Nesbit,Computer Science
151,Gabbi Heliar,Computer Science
152,Rodrick O'Hannay,Computer Science
153,Donella Headech,Computer Science
154,Randi Purbrick,Computer Science
155,Shadow Youtead,Computer Science
156,Maryanna Andreoletti,Computer Science
157,Isidore Jako,Computer Science
158,Gunner Dohms,Computer Science
159,Westbrooke O'Leary,Computer Science
160,Blancha Whiley,Computer Science
161,Benedikt Leon,Computer Science
162,Blondell Monday,Computer Science
163,Wes Colt,Computer Science
164,Allina Lude,Computer Science
165,Constantine Dible,Computer Science
166,Caroljean Burnie,Computer Science
167,Brina Mandrey,Computer Science
168,Jackie Santacrole,Computer Science
169,Trever Denizet,Computer Science
170,Nerti Kingdon,Computer Science
171,Rozalie Ferrone,Computer Science
172,Jens Roft,Computer Science
173,Lela Dielhenn,Computer Science
174,Fin Halwood,Computer Science
175,Skip Riccio,Computer Science
176,Bernadene Paulisch,Computer Science
177,Pascal Moorman,Computer Science
178,Doris Rolley,Computer Science
179,Sara-ann Jervoise,Computer Science
180,Nathanil Metherell,Computer Science
181,Aluin Davisson,Computer Science
182,Petrina Crome,Computer Science
183,Pooh McDermid,Computer Science
184,Basilius Tallquist,Computer Science
185,Armstrong Mishaw,Computer Science
186,Malina Strathe,Computer Science
187,Linc MacKegg,Computer Science
188,Thaddeus Serrels,Computer Science
189,Anett Youthed,Computer Science
190,Donica Trippitt,Computer Science
191,Hendrika Sabine,Computer Science
192,Augusta Ebourne,Computer Science
193,Lazar Bragger,Computer Science
194,Wynnie Malyan,Computer Science
195,Wrennie Allin,Computer Science
196,Lynne Cool,Computer Science
197,Mirabella Iddy,Computer Science
198,Tamqrah Rawcliff,Computer Science
199,Hedvige Lindley,Computer Science
200,Fernanda Schult,Computer Science
201,Lilas Poleykett,Business
202,Tomaso Hakeworth,Business
203,Daisy Bucktrout,Business
204,Andonis Lacroux,Business
205,Sarajane Nelthorpe,Business
206,Rachele Overal,Business
207,Jilly Hing,Business
208,Opal Studdert,Business
209,Zeb Thayre,Business
210,Katuscha Cream,Business
211,Mohandas Petren,Business
212,Deeyn Gligorijevic,Business
213,Ivar Rosenfelt,Business
214,Mayer Peyto,Business
215,Lock Noller,Business
216,Base Skeene,Business
217,Coralyn Ferres,Business
218,Cacilie Heaffey,Business
219,Karol Borne,Business
220,Pieter Schistl,Business
221,Sky Coddrington,Business
222,Kermy Pilkinton,Business
223,Tamas Tyt,Business
224,Marten Bunker,Business
225,Yorker Stang-Gjertsen,Business
226,Tommie Meeks,Business
227,Corenda Blanshard,Business
228,Karin Jiricka,Business
229,Burlie Attard,Business
230,Lynn Catton,Business
231,Kerianne Shawyers,Business
232,Lewes Rainard,Business
233,Roobbie Reimer,Business
234,Foss Pozzo,Business
235,Gregor Bartoleyn,Business
236,Candie Leve,Business
237,Alexia Mothersdale,Business
238,Cortie Gell,Business
239,Gaven Veel,Business
240,Tracy Privett,Business
241,Xenos Swigg,Business
242,Guillemette Rapinett,Business
243,Hildegaard Pattrick,Business
244,Pierre Littlefair,Business
245,Dani Leddie,Business
246,Son Spillman,Business
247,Maggie Hathorn,Business
248,Arvy Colum,Business
249,Lenette Jaeggi,Business
250,Juditha Skellion,Business
251,Warren Mothersdale,Business
252,Viviene Redbourn,Business
253,Rudie Gerring,Business
254,Marti Haquin,Business
255,Raffaello Southwick,Business
256,Marketa Daile,Business
257,Mina Hearnes,Business
258,Ancell Faustian,Business
259,Dareen Riddeough,Business
260,Padraic Keighley,Business
261,Jae Livick,Business
262,Nata Dinsdale,Business
263,Antin Sirett,Business
264,Tawsha Brixham,Business
265,Marwin Kibble,Business
266,Shirley Bodle,Business
267,Tarrah Alliker,Business
268,Jules Dowker,Business
269,Magdalen Persehouse,Business
270,Olivie Gajownik,Business
271,Pinchas Hegden,Business
272,Julina Dauney,Business
273,Gaylord Haggus,Business
274,Barth Kirley,Business
275,Sayre Halliburton,Business
276,Damien Arnow,Business
277,Halsey Surgenor,Business
278,Dolorita Milesap,Business
279,Jareb Noddles,Business
280,Pietra Baff,Business
281,Erick Domerque,Business
282,Woodie Amoore,Business
283,Wallie de Najera,Business
284,Lennie Conklin,Business
285,Roselia Burdge,Business
286,Waneta Maro,Business
287,Jolee Dundin,Business
288,Fernandina Carlick,Business
289,Kale Presnall,Business
290,Angil Canto,Business
291,Blondell Schaumaker,Business
292,Maribelle Radleigh,Business
293,Rickard Heijnen,Business
294,Janine Hearnes,Business
295,Ewan Stroud,Business
296,Edithe Ricardo,Business
297,Carlen Suero,Business
298,Renie Rowter,Business
299,Julietta Karolyi,Business
300,Clare Ivankovic,Business
301,Catie Roches,Business
302,Margo Gori,Business
303,Cristionna Wrankmore,Business
304,Olivette Driussi,Business
305,Malcolm Daspar,Business
306,Julissa McKew,Business
307,Tatiana Thrower,Business
308,Noella Milley,Business
309,Raphael Fabb,Business
310,Lewes Jahndel,Business
311,Celeste Kinchley,Business
312,Chuck Houldin,Business
313,Phyllys McKeevers,Business
314,Deidre Torresi,Business
315,Baxie Bartaletti,Business
316,Madel Feary,Business
317,Bruno Worsalls,Business
318,Justinn MacDonnell,Business
319,Margalo Juniper,Business
320,Shelagh Dibbe,Business
321,Fabien Higginbottam,Business
322,Cam Wenderoth,Business
323,Winn Wolsey,Business
324,Meredith Cockell,Business
325,Davey Dilger,Business
326,Jaimie Bowes,Business
327,Melodee O'Rudden,Business
328,Alexine Valentin,Business
329,Karil Keighly,Business
330,Winfield Mantram,Business
331,Eba Eveque,Business
332,Mariam Shorthill,Business
333,Timmy Ripping,Business
334,Maryjo Cestard,Business
335,Lissie Rintoul,Business
336,Beatrice Mathewson,Business
337,Marsha Mila,Business
338,Jody Shutt,Business
339,Coretta Mawd,Business
340,Huntley Tonepohl,Business
341,Brynna Drysdell,Business
342,Ernaline Pringle,Business
343,Arliene Noye,Business
344,Alexandrina Kuhl,Business
345,Bertie Ielden,Business
346,Nicholas Elsdon,Business
347,Paola Castell,Business
348,Mark Fawthorpe,Business
349,Costa Hutable,Business
350,Blythe Hackney,Business
351,Deirdre Pleasants,Business
352,Norbert Goby,Business
353,Doria Arnull,Business
354,Ferne Prowse,Business
355,Jayson Prisk,Business
356,Krispin Willman,Business
357,Eimile Hilldrop,Business
358,Vikky Tuxill,Business
359,Corbin Robbins,Business
360,Aldrich Bickerdicke,Business
361,Torre McCard,Business
362,Revkah Cleevely,Business
363,Clo Brosini,Business
364,Augustus McQuarrie,Business
365,Mallissa Cockett,Business
366,Rudolfo Stansbury,Business
367,Deonne Stobbart,Business
368,Fanni Dullingham,Business
369,Langsdon Thorn,Business
370,Gabriele Ashall,Business
371,Elisha Elderbrant,Business
372,Deonne Attwill,Business
373,Moll Bunyard,Business
374,Claudetta Castard,Business
375,Dido Esposita,Business
376,Filmore Seres,Business
377,Ninette Askam,Business
378,Ezechiel Battson,Business
379,Ringo Dudliston,Business
380,Baily McVane,Business
381,Alberto Benzie,Business
382,Briano Shaw,Business
383,Katey Gierek,Business
384,Merci Harpham,Business
385,Allix Norville,Business
386,Roman Trude,Business
387,Laureen Yabsley,Business
388,Lamont Cleave,Business
389,Dori Hounsom,Business
390,Sindee Abbey,Business
391,Fraze Cockerton,Business
392,Jamie Linthead,Business
393,Angelle Corrington,Business
394,Pamela Willows,Business
395,Phillie Ingleson,Business
396,Puff Strothers,Business
397,Brita Borrel,Business
398,Adria Buckleigh,Business
399,Rikki Onthank,Business
400,Redford Redwood,Business
401,Arleta Mayberry,Biology
402,Alysa Olenikov,Biology
403,Philly Saura,Biology
404,Beale Strick,Biology
405,Fania Minchi,Biology
406,Maegan Sutty,Biology
407,Fayette Mulrooney,Biology
408,Wittie Forton,Biology
409,Delinda Trenoweth,Biology
410,Doyle Meddemmen,Biology
411,Stanley Ranking,Biology
412,Kane Blumfield,Biology
413,Kylen Flode,Biology
414,Loree Ealden,Biology
415,Shep MacGraith,Biology
416,Irita Gatiss,Biology
417,Valaree Hannent,Biology
418,Fabien Bransby,Biology
419,Mirabella Allsebrook,Biology
420,Harriot Barthropp,Biology
421,Pansie Bacher,Biology
422,Carree Danzig,Biology
423,Freeland Niessen,Biology
424,Elsinore Starbeck,Biology
425,Gratiana Glencorse,Biology
426,Dyna Bowser,Biology
427,Fayre MacCorkell,Biology
428,Collin Mucillo,Biology
429,Mag Casol,Biology
430,Tim Jerromes,Biology
431,Hesther Orwell,Biology
432,Ruthie Mulvey,Biology
433,Suellen McGillicuddy,Biology
434,Rafaelia Churchard,Biology
435,Willow Rutgers,Biology
436,Ashely Blunsom,Biology
437,Kellia Schusterl,Biology
438,Arlyn Woodings,Biology
439,Borg Ambrus,Biology
440,Lorrie Schoroder,Biology
441,Karyl Pozer,Biology
442,Barbie Krout,Biology
443,Allie O' Meara,Biology
444,Opaline Bellow,Biology
445,Nomi Lembrick,Biology
446,Keelia Jakubovsky,Biology
447,Peterus Tiron,Biology
448,Ailbert Caunce,Biology
449,Zabrina Medlen,Biology
450,Aleda Causon,Biology
451,Sayre Nasey,Biology
452,Bronnie Grinyov,Biology
453,Salomon Ricciardello,Biology
454,Ossie Daintrey,Biology
455,Hildy Savell,Biology
456,Bartholomeo Clausen-Thue,Biology
457,Garrek Jorczyk,Biology
458,Lalo Hallwell,Biology
459,George Spilsted,Biology
460,Katleen Smallcomb,Biology
461,Shel Birchenough,Biology
462,Demetria Dentith,Biology
463,Melitta Toogood,Biology
464,Roxy Keay,Biology
465,Tildi Tampling,Biology
466,Grover Jatczak,Biology
467,Blane O'Boyle,Biology
468,Devinne Gilhouley,Biology
469,Shanan Paffley,Biology
470,Ragnar Trevarthen,Biology
471,Lura Feaks,Biology
472,Dion Isacoff,Biology
473,Tedd Geyton,Biology
474,Madge Loins,Biology
475,Gus Caig,Biology
476,Leslie Winham,Biology
477,Conni Pykett,Biology
478,Onida Bunhill,Biology
479,Jane Rochell,Biology
480,Jilly Tolomelli,Biology
481,Zedekiah Thicking,Biology
482,Gaylor Cianni,Biology
483,Randie Westwood,Biology
484,Zach Cordeux,Biology
485,Janine O'Dennehy,Biology
486,Andonis Haken,Biology
487,Olly Wehnerr,Biology
488,Kailey Rielly,Biology
489,Holly MacCaull,Biology
490,Dona Boome,Biology
491,Joshia Noblet,Biology
492,Deanna Egan,Biology
493,Reine Moffet,Biology
494,Seka Bezarra,Biology
495,Pauline Buxy,Biology
496,Doretta Reaman,Biology
497,Erny Crottagh,Biology
498,Denney Michallat,Biology
499,Herve Normington,Biology
500,Klement Bunson,Biology
501,Marlo Peto,Biology
502,Reid Vonderdell,Biology
503,Thaine Clench,Biology
504,Archie Cosyns,Biology
505,Chelsie Downer,Biology
506,Brad Catt,Biology
507,Jordana Ruggieri,Biology
508,Udall Hilary,Biology
509,Dorolisa Bourhill,Biology
510,Mar McReidy,Biology
511,Dene Callis,Biology
512,Estel MacConnulty,Biology
513,John Klauber,Biology
514,Darby Stoffers,Biology
515,Kara-lynn Jone,Biology
516,Kikelia Vido,Biology
517,Glendon Meynell,Biology
518,Glen Konzel,Biology
519,Easter Frossell,Biology
520,Juliette Marrett,Biology
521,Gabriell Aguirrezabala,Biology
522,Vern Sale,Biology
523,Berte Attfield,Biology
524,Regen Dudden,Biology
525,Base Grundell,Biology
526,Elonore O'Carran,Biology
527,Kevon Sandwich,Biology
528,Shay Darbyshire,Biology
529,Lorine Prose,Biology
530,Emelia Harner,Biology
531,Leonard Rookes,Biology
532,Matti Falks,Biology
533,Lilia Petrashov,Biology
534,Silva Killeley,Biology
535,Jarad Wrenn,Biology
536,Jammal Scramage,Biology
537,Jeannine Ahrens,Biology
538,Shadow Torns,Biology
539,Clo Pashan,Biology
540,Victor Besnard,Biology
541,Binni Saggs,Biology
542,Gunner Devlin,Biology
543,Silvanus Ricco,Biology
544,Marianne Minker,Biology
545,Jesse Dytham,Biology
546,Melinde Girardetti,Biology
547,Jessie Childes,Biology
548,Dewey Brentnall,Biology
549,Robenia Grundy,Biology
550,Rosalyn Garfath,Biology
551,Arleyne Gwyn,Biology
552,Cody Mullally,Biology
553,Ariel Dorricott,Biology
554,Riccardo Giovannardi,Biology
555,Kimberly Hobbert,Biology
556,Dacey Eastope,Biology
557,Mireille Lofthouse,Biology
558,Selle Salerg,Biology
559,Morlee Eaglen,Biology
560,Maisie Chessell,Biology
561,Celestia Bothram,Biology
562,Cam Fyrth,Biology
563,Perle Golthorpp,Biology
564,Pearce Hawkswood,Biology
565,Ferdie Huntley,Biology
566,Lola Gendrich,Biology
567,Delilah Fetherstonhaugh,Biology
568,Doralia Lello,Biology
569,Nonnah McPeake,Biology
570,Mandy Mearns,Biology
571,Allin Moultrie,Biology
572,Tibold Caulwell,Biology
573,Deloria Crunden,Biology
574,Candy Ganter,Biology
575,Rossy Kleinhaut,Biology
576,Gabriel Dreus,Biology
577,Stan Louca,Biology
578,Sheila O'Sharry,Biology
579,Josephina Macallam,Biology
580,Beale Burry,Biology
581,Paola Caroline,Biology
582,Terrance Kures,Biology
583,Bee Vasyukhnov,Biology
584,Renell Benger,Biology
585,Amaleta Felmingham,Biology
586,Sydelle Worboys,Biology
587,Myca Hauxby,Biology
588,Zilvia McCrohon,Biology
589,Annadiane Ninnoli,Biology
590,Marcelle Hinckes,Biology
591,Lennard Yeulet,Biology
592,Alberto Commins,Biology
593,Nan McQuorkel,Biology
594,Suki Adnam,Biology
595,Nikki Lovejoy,Biology
596,Bo Wills,Biology
597,Olvan Faichnie,Biology
598,Laurice Chettle,Biology
599,Sigfrid Fladgate,Biology
600,Casper Kirckman,Biology